CVE_ENT,CVE_MUN,CVE_LOC,NOMGEO,AMBITO
24,1,7,Cañada Grande (El Bosque),Rural
24,1,11,Cerrito de Rojas,Rural
24,1,14,Cochinillas,Rural
24,1,35,San Antonio Ojo de Agua,Rural
24,1,43,El Temazcal,Rural
24,1,49,El Zapatero,Rural
24,1,56,Cañón de Yerbabuena,Rural
24,1,70,Tierra Prieta,Rural
24,1,25,La Parada,Rural
24,1,76,Mina Blanca,Rural
24,1,53,La Mezclita,Rural
24,1,54,Clavellinas,Rural
24,1,6,Barrancas,Rural
24,1,1,Ahualulco del Sonido 13,Urbana
24,1,15,Colonia de la Cruz,Rural
24,1,16,Coyotillos,Rural
24,1,20,La Higuera,Rural
24,1,28,Pedregal,Rural
24,1,29,Santa Petronilas,Rural
24,1,18,La Encarnación,Rural
24,1,12,Los Cerritos,Rural
24,1,21,Estación Ipiña,Rural
24,1,39,San Salvador,Rural
24,1,47,El Tulillo,Rural
24,1,19,Estancia del Arenal (Arenal Viejo),Rural
24,1,10,El Zapote (Cerrito Blanco),Rural
24,1,13,Cerro Blanco,Rural
24,1,34,El Salitre,Rural
24,1,8,Cañada Grande,Rural
24,1,32,Rincón de Yerbabuena,Rural
24,1,40,Santa Teresa,Rural
24,1,51,La Candelaria,Rural
24,1,17,Ejido del Centro,Rural
24,1,37,San Juan (San Juan de Coyotillos),Rural
24,1,5,Arenal de Morelos,Rural
24,1,45,Tinaja,Rural
24,1,122,Los Árboles (Colonia de la Cruz),Rural
24,1,46,La Trinidad,Rural
24,1,64,El Tulillo (San Nicolás),Rural
24,1,48,Yerbabuena,Rural
24,1,26,Paso Bonito,Rural
24,2,5,Cañaditas,Rural
24,2,11,Maldonado,Rural
24,2,15,Rancho de Morales,Rural
24,2,17,Ojo de Agua,Rural
24,2,18,Olla del Durazno (Joya del Durazno),Rural
24,2,21,Las Peñitas,Rural
24,2,23,Rancho de Pro,Rural
24,2,25,Rancho Nuevo,Rural
24,2,32,Las Tuzas,Rural
24,2,41,Las Huertas,Rural
24,2,1,Alaquines,Urbana
24,2,3,El Callejón de la Luz,Rural
24,2,10,El Llanito,Rural
24,2,27,El Sabino,Rural
24,2,19,Pasito de San Francisco,Rural
24,2,16,Nueva Reforma,Rural
24,2,12,Martínez,Rural
24,2,29,San José del Corito,Rural
24,2,30,San José de Palmas,Rural
24,2,4,La Cañada,Rural
24,3,2,Agua Amarga,Rural
24,3,5,La Caldera,Rural
24,3,8,La Cuchilla,Rural
24,3,16,La Morena,Rural
24,3,18,El Naranjito,Rural
24,3,24,Puhuitzé,Rural
24,3,32,Santa Anita,Rural
24,3,42,Tamcuem,Rural
24,3,44,Tanchachín,Rural
24,3,52,El Zopope,Rural
24,3,60,Los Remedios,Rural
24,3,87,Los Hornos,Rural
24,3,89,Yerbabuena,Rural
24,3,93,La Cañada (Los Corrales),Rural
24,3,98,San Isidro,Rural
24,3,103,Lanim,Rural
24,3,108,La Brecha (La Brecha de Tantzotzob),Rural
24,3,109,El Volantín,Rural
24,3,129,Puerto de Guaymas,Rural
24,3,248,Barrio San Miguel,Rural
24,3,255,Santa Martha,Rural
24,3,310,Barrio el Progreso,Rural
24,3,3,El Aguacate,Rural
24,3,26,San Francisco de Asís,Rural
24,3,4,Alitzé,Rural
24,3,15,El Mirador,Rural
24,3,49,La Unión de Guadalupe,Rural
24,3,136,San Francisco,Rural
24,3,12,Linjá,Rural
24,3,301,San Martín,Rural
24,3,64,El Rosario,Rural
24,3,36,La Mesa,Rural
24,3,62,Moctezuma,Rural
24,3,50,Jol Mom,Rural
24,3,86,Manja,Rural
24,3,31,San Rafael Tampaxal,Rural
24,3,84,Cuetáb,Rural
24,3,27,San José el Viejo,Rural
24,3,91,Tanchopol,Rural
24,3,133,Tan Tzajib,Rural
24,3,122,La Soledad,Rural
24,3,6,Camarones,Rural
24,3,83,La Laja,Rural
24,3,88,La Reforma,Rural
24,3,11,Joya de las Vacas,Rural
24,3,48,Tanute,Rural
24,3,47,Tantzotzob,Rural
24,3,10,El Jabalí,Rural
24,3,1,Aquismón,Urbana
24,3,314,NCPE Santa Anita,Rural
24,3,29,San Pedro de las Anonas,Rural
24,3,38,Tamápatz,Rural
24,3,20,Los Otates,Rural
24,3,96,El Sauz (El Saucito),Rural
24,3,9,Eureka,Rural
24,3,40,Tampaxal,Rural
24,3,104,Tahuilatzén,Rural
24,3,22,Palo de Arco,Rural
24,3,43,Tamcuime,Rural
24,3,7,Barrio la Cruz,Rural
24,3,14,La Mesa,Rural
24,3,41,Tampemoche,Rural
24,3,221,Jagüey Cercado,Rural
24,3,17,M·huatl,Rural
24,3,28,San José Oija,Rural
24,3,308,Colonia el Mirador,Rural
24,3,19,El Otate,Rural
24,3,79,Octujub o Campeche,Rural
24,3,114,Puerto de Tantzotzob,Rural
24,3,33,Santa Bárbara,Rural
24,3,45,Tanchanaco,Rural
24,3,289,El Sacrificio (Sección 26),Rural
24,3,30,San Rafael Tamápatz,Rural
24,3,46,Tanquizul,Rural
24,3,115,Rancho Nuevo,Rural
24,3,23,Paxaljá,Rural
24,3,39,Tampate,Rural
24,4,11,Cerro Grande,Rural
24,4,30,Palomas (El Valle de Palomas),Rural
24,4,33,Paso del Águila,Rural
24,4,38,Puerta del Refugio,Rural
24,4,46,San Elías,Rural
24,4,49,San José de Magaña,Rural
24,4,1,Armadillo de los Infante,Urbana
24,4,10,La Cardona,Rural
24,4,39,El Ranchito de los Guzmán,Rural
24,4,14,Contrayerba,Rural
24,4,37,Pozo del Carmen,Rural
24,4,29,Nogalitos de la Cruz,Rural
24,4,27,Mezquitalillo,Rural
24,4,32,Paradita del Refugio,Rural
24,4,13,La Concordia,Rural
24,4,40,Rancho Nuevo de la Cruz,Rural
24,4,53,Temazcal,Rural
24,5,10,Lobos,Rural
24,5,15,La Noria,Rural
24,5,14,Colonia Agrícola el Naranjo,Rural
24,5,1,Cárdenas,Urbana
24,5,7,Cañada de Pastores,Rural
24,5,8,Higinio Olivo (La Labor),Rural
24,5,6,Las Canoas,Rural
24,5,2,El Aguaje,Rural
24,5,17,Pantano,Rural
24,6,1,Real de Catorce,Urbana
24,6,5,Alamitos de los Díaz,Rural
24,6,12,Estación Catorce,Rural
24,6,23,El Mastranto,Rural
24,6,31,Potrerillos,Rural
24,6,37,El Salto,Rural
24,6,49,Santa Cruz de Carretas,Rural
24,6,55,Tanque de Dolores,Rural
24,6,32,El Potrero,Rural
24,6,38,San Antonio de Coronados,Rural
24,6,13,Los Catorce,Rural
24,6,30,Poblazón,Rural
24,6,22,Real de Maroma,Rural
24,6,59,Estación Wadley,Rural
24,6,33,Ranchito de Coronados,Rural
24,6,54,Tanque de Arenas,Rural
24,6,14,Charco Largo,Rural
24,6,50,Santa Cruz del Mogote,Rural
24,6,36,El Refugio (La Luz),Rural
24,6,51,Santa María del Refugio,Rural
24,6,40,San Cristóbal,Rural
24,6,10,La Cardoncita,Rural
24,6,15,Guadalupe del Carnicero (La Maroma),Rural
24,6,42,San José de Coronados,Rural
24,7,35,San Antonio del Sotol,Rural
24,7,32,Salitrillos del Refugio,Rural
24,7,41,San Mateo,Rural
24,7,5,El Blanco,Rural
24,7,29,Refugio de las Monjas,Rural
24,7,1,Cedral,Urbana
24,7,42,San Pablo,Rural
24,7,28,Refugio de Saladito,Rural
24,7,12,Gallos Blancos,Rural
24,7,23,Presa Verde,Rural
24,7,45,Santa Rita del Sotol,Rural
24,7,46,Santa Teresa,Rural
24,7,20,Noria de San Pedro,Rural
24,7,40,San Lorenzo,Rural
24,7,51,Zamarripa,Rural
24,7,37,San Isidro,Rural
24,7,7,Cerro de Flores,Rural
24,7,14,Jes·s María,Rural
24,7,13,Ejido Hidalgo,Rural
24,7,8,La Crucita,Rural
24,7,11,El Espíritu,Rural
24,7,15,Lagunillas,Rural
24,7,44,San Rafael de los Facundos,Rural
24,7,50,Tanque Nuevo,Rural
24,7,156,Fraccionamiento Llanos de San Gabriel,Rural
24,7,9,La Cruz,Rural
24,7,19,Noria de Dolores,Rural
24,7,33,Saltillito,Rural
24,7,6,La Boquilla,Rural
24,7,10,El Cuarejo,Rural
24,7,21,Palo Blanco,Rural
24,7,34,San Antonio de los Montoya,Rural
24,8,30,San Pedro de los Hernández,Rural
24,8,1,Cerritos,Urbana
24,8,11,Joya de Luna,Rural
24,8,35,El Tepetate,Rural
24,8,16,Mezquites Chicos,Rural
24,8,17,Mezquites Grandes,Rural
24,8,25,Rincón de Banda,Rural
24,8,15,Manzanillas,Rural
24,8,26,Rincón de Turrubiartes,Rural
24,8,18,Montaña,Rural
24,8,67,Puerto de San José (El Puerto),Rural
24,8,5,Cerros Blancos,Rural
24,8,4,Cerrito Blanco,Rural
24,8,3,Bosque y Caldera,Rural
24,8,2,La Biznaga,Rural
24,8,19,Ojo de Agua,Rural
24,8,27,San Diego,Rural
24,8,32,El Sauz,Rural
24,8,44,Nuevo Ejido San Pedro de los Hernández (Las Viborillas),Rural
24,8,29,San Nicolás del Bosque,Rural
24,8,10,El Gavilán,Rural
24,8,36,El Tepozán,Rural
24,8,28,San José de Turrubiartes (El Zamandoque),Rural
24,8,7,Derramaderos,Rural
24,10,28,Los Charcos del Poniente,Rural
24,10,41,La Guacamaya (La Lagunita),Rural
24,10,94,Estación las Tablas,Rural
24,10,7,Colonia Álvaro Obregón,Rural
24,10,54,Las Moras,Rural
24,10,86,San Juan del Llano,Rural
24,10,62,Colonia Agrícola Ollitas de las Vacas,Rural
24,10,81,Rincón Seco,Rural
24,10,15,El Capulín,Rural
24,10,76,Puerto del Zamandoque,Rural
24,10,50,Memela,Rural
24,10,108,Las Tortugas (Las Moras),Rural
24,10,53,Montebello,Rural
24,10,39,Las Gavias,Rural
24,10,90,San Rafael Matriz,Rural
24,10,192,Nuevo Centro de Población Ganadero Papagayos,Rural
24,10,68,La Pendencia,Rural
24,10,73,Potreritos de los Llanos,Rural
24,10,31,Colonia Carlos Diez Gutiérrez (La Italiana),Rural
24,10,84,San Antonio,Rural
24,10,72,El Porvenir,Rural
24,10,1,Ciudad del Maíz,Urbana
24,10,65,Palomas,Urbana
24,10,32,El Divisadero (La Garra),Rural
24,10,79,Rancho Nuevo,Rural
24,10,100,La Victoria,Rural
24,10,166,Llanitos,Rural
24,10,189,Sección Setenta y Nueve los Anteojos,Rural
24,10,104,Zamachihue,Rural
24,10,301,Ejido San José (La Majada),Rural
24,10,33,El Duro,Rural
24,10,43,Colonia Lagunillas,Rural
24,10,61,El Olivo,Rural
24,10,91,San Rafael Carretera,Rural
24,10,164,Nuevo San Rafael,Rural
24,10,77,Puerto de San Juan de Dios,Rural
24,10,46,Colonia Agrícola Magdaleno Cedillo,Rural
24,10,9,Los Ávalos,Rural
24,10,14,La Calzada de San Rafael,Rural
24,10,16,Carrizal Grande,Rural
24,10,44,Colonia la Libertad,Rural
24,10,4,Agua Nueva del Norte,Rural
24,10,55,Colonia la Morita,Rural
24,10,105,Sartenejo,Rural
24,10,97,El Tepeyac,Rural
24,10,87,San Juan del Meco,Rural
24,10,66,Papagayos (Ejido Papagayos),Rural
24,10,8,Aquiles Serdán,Rural
24,10,78,El Puerto Santa Gertrudis,Rural
24,10,26,El Custodio,Rural
24,10,51,Las Mesas de Don Luis,Rural
24,10,95,Tanque de los Ángeles (El Venadito),Rural
24,10,10,Buenavista y Olivo,Rural
24,10,34,La Encarnación,Rural
24,10,89,San Mateo,Rural
24,10,85,San Antonio del Toro (Cabeza del Toro),Rural
24,11,5,Colonia Veinte de Noviembre,Rural
24,11,2,Atotonilco,Rural
24,11,11,La Noria,Rural
24,11,3,Barrio de Guadalupe,Rural
24,11,6,Labor Vieja,Rural
24,11,14,El Paraíso,Rural
24,11,9,Morillos,Rural
24,11,16,La Reforma,Rural
24,11,18,San Isidro,Rural
24,11,19,San José del Terremoto,Rural
24,11,12,Ojo de Agua de San Juan,Rural
24,11,21,El Sermón Santa Ana,Rural
24,11,20,El Saucillo,Rural
24,11,22,Solano,Rural
24,11,25,La Ventilla,Rural
24,11,15,Las Pilas,Rural
24,11,33,San Pablo,Rural
24,11,141,Barrio Primero,Rural
24,11,49,Colonia la Peñita,Rural
24,11,37,La Reformita,Rural
24,11,1,Ciudad Fernández,Urbana
24,11,8,Mojarras de Arriba,Rural
24,11,13,Ojo de Agua de Solano,Rural
24,12,3,Aldzulup,Rural
24,12,6,El Crucero (Crucerito),Rural
24,12,9,Cuatlamayán,Rural
24,12,14,Guadalupe Victoria,Rural
24,12,23,Aldzulup Poytzén,Rural
24,12,24,San José Pequetzén,Rural
24,12,30,Tzé Pakáb Primera Sección,Rural
24,12,84,Zojualo,Rural
24,12,94,Colonia Primero de Mayo,Rural
24,12,148,Chacatitla Primera Sección,Rural
24,12,309,Colonia Omar San Román,Rural
24,12,87,Tamaletom Primera Sección,Rural
24,12,225,Xolol Bethania,Rural
24,12,316,Barrio Bicentenario,Rural
24,12,1,Tancanhuitz,Urbana
24,12,4,Las Armas,Rural
24,12,16,Linares,Rural
24,12,21,Palmira Viejo,Rural
24,12,13,La Garza (Pequetzén de la Garza),Rural
24,12,2,Alhuitot (Thimantzén),Rural
24,12,19,Octzén San Agustín,Rural
24,12,26,Tamarindo,Rural
24,12,20,Palmira Nuevo,Rural
24,13,14,El Azulejo,Rural
24,13,24,Camillas,Rural
24,13,44,La Concepción (La Concha),Rural
24,13,61,Ejido el Chuchupe,Rural
24,13,105,León García,Rural
24,13,141,La Pila,Rural
24,13,144,El Platanito,Rural
24,13,146,Rancho Nuevo,Rural
24,13,156,La Puerta del Espíritu Santo,Rural
24,13,164,La Raya,Rural
24,13,183,San Felipe,Rural
24,13,192,San Mateo,Rural
24,13,193,San Miguel,Rural
24,13,215,El Tamarindo,Rural
24,13,216,Nuevo Tambolón,Rural
24,13,223,Tantizohuiche,Rural
24,13,317,El Jacubal,Rural
24,13,354,El Bárbol,Rural
24,13,382,El Choyoso,Rural
24,13,444,Buenavista,Rural
24,13,461,San Juan,Rural
24,13,478,Fraccionamiento Lomas del Real,Rural
24,13,482,Antiguo Tambolón,Rural
24,13,484,Ejido la Loma (Canoítas),Rural
24,13,587,El Cañón del Taninul (El Abra),Rural
24,13,589,Loma del Desengaño (Ejido el Desengaño Dos),Rural
24,13,621,El Chical Dos,Rural
24,13,680,San Francisco,Rural
24,13,690,Loma de las Conchas,Rural
24,13,840,Granjas Uno [Fraccionamiento],Rural
24,13,1013,Fraccionamiento Misión de San Miguel,Rural
24,13,143,La Pitaya (La Pitahaya),Rural
24,13,76,La Estribera,Rural
24,13,51,Coyoles,Rural
24,13,34,Rancho Casas Viejas,Rural
24,13,38,El Sidral (San Miguel el Sidral),Rural
24,13,467,Rancho Nuevo,Rural
24,13,111,El Maguey,Rural
24,13,672,Crucero las Pitas,Rural
24,13,568,Nuevo Crucitas,Rural
24,13,82,Colonia Ignacio Zaragoza,Rural
24,13,107,La Lima,Rural
24,13,351,La Antigua,Rural
24,13,53,Las Crucitas,Rural
24,13,253,Cerro Alto,Rural
24,13,79,Las Flores,Rural
24,13,244,Laguna del Mante,Rural
24,13,20,Buena Vista,Rural
24,13,241,Villa Fierro,Rural
24,13,307,El Gritadero,Rural
24,13,180,San Antonio Huichimal,Rural
24,13,93,Jabalí,Rural
24,13,28,Ejido las Canoas (Canoas),Rural
24,13,174,Sabino del Obispo (Anexo a las Pitas),Rural
24,13,318,La Escondida,Rural
24,13,88,Las Huertas,Rural
24,13,182,San Dieguito,Rural
24,13,594,Ejido Emiliano Zapata,Rural
24,13,232,Ejido la Toconala Uno (La Virgen),Rural
24,13,142,Las Pitas,Rural
24,13,161,Rancho Nuevo,Rural
24,13,1191,Anexo La Lima,Rural
24,13,781,Colonia Rodríguez,Rural
24,13,711,Montecillos (La Curva),Rural
24,13,119,Montecillos,Rural
24,13,5,Adolfo López Mateos,Rural
24,13,10,Álvaro Obregón (El Pujal),Rural
24,13,176,Salcedo,Rural
24,13,999,Colonia Luis Donaldo Colosio,Rural
24,13,55,El Cuiche,Rural
24,13,127,Ojo de Agua,Rural
24,13,126,El Ojite,Rural
24,13,562,Ampliación la Hincada,Rural
24,13,114,Ejido la Marina (Ejido Colectivo),Rural
24,13,63,El Detalle,Rural
24,13,998,Colonia Eligio Quintanilla,Rural
24,13,842,Colonia Victoria,Rural
24,13,377,Chantol,Rural
24,13,1200,Villas de San Pedro,Rural
24,13,1,Ciudad Valles,Urbana
24,13,162,Rascón,Urbana
24,13,360,La Calera,Rural
24,13,4,El Abra (San Felipe),Rural
24,13,239,El Verde,Rural
24,13,1099,Troncones y la Corriente,Rural
24,13,181,Rancho San Carlos,Rural
24,13,217,Tampaya,Rural
24,13,1199,Troncones,Rural
24,13,712,Los Jovitos,Rural
24,13,243,Zocohuite,Rural
24,13,210,La Subida,Rural
24,13,264,Ejido el Lobo,Rural
24,13,224,Tantóbal,Rural
24,13,539,Ejido la Loma,Rural
24,13,268,Casa Blanca,Rural
24,13,175,Los Sabinos N·mero Dos,Rural
24,13,474,Las Fincas,Rural
24,13,118,Estación Micos,Rural
24,13,1064,Colonia Mano Amiga,Rural
24,13,479,Fraccionamiento las Granjas,Rural
24,13,84,Gustavo Garmendia (La Unión),Rural
24,13,538,Sabino del Obispo,Rural
24,13,570,Ejido la Hincada,Rural
24,13,507,Ojo de Agua,Rural
24,14,3,Ajuatitla Primera Sección,Rural
24,14,7,Ejido Calmecayo,Rural
24,14,11,Ixpatlach,Rural
24,14,13,El Jopoy,Rural
24,14,16,Las Mesas,Rural
24,14,17,Moyotla,Rural
24,14,20,Petlacoyo,Rural
24,14,22,El Sabino,Rural
24,14,57,Rancho Moyotla,Rural
24,14,8,Coamila,Rural
24,14,46,Maytla (El Ciruelo),Rural
24,14,29,Suchiaco,Rural
24,14,30,Tampuchón,Rural
24,14,33,Tazaquil,Rural
24,14,40,Comunidad Calmecayo,Rural
24,14,12,Ixtiamel,Rural
24,14,37,Tlapani,Rural
24,14,45,Barrio Tepetzintla Dos,Rural
24,14,68,Ejido Nuevo Calmecayo,Rural
24,14,23,San Andrés,Rural
24,14,67,Ajuatitla Segunda Sección,Rural
24,14,9,Colaltitla,Rural
24,14,25,San Pablo Primero,Rural
24,14,71,Tepotzuapa Dos Segunda Sección,Rural
24,14,2,Ajacaco,Rural
24,14,10,Cuilonico,Rural
24,14,43,Los Jobos Primera Sección,Rural
24,14,31,Tazaquil Ejido,Rural
24,14,77,Plan de los Jobos Segunda Sección,Rural
24,14,36,Tioamel,Rural
24,14,4,Amaxac,Rural
24,14,63,Totóatl,Rural
24,14,38,Tlaxco,Rural
24,14,1,Coxcatlán,Urbana
24,15,27,Lo de Acosta,Rural
24,15,46,San Rafael,Rural
24,15,51,IMMSA [Mina Tiro General],Rural
24,15,29,Miguel Hidalgo,Rural
24,15,23,Laborcilla,Rural
24,15,1,Charcas,Urbana
24,15,3,Aquiles Serdán,Rural
24,15,11,Paso del Mezquite (Cerro Blanco),Rural
24,15,16,Elorza,Rural
24,15,21,Noria de Gutiérrez (José María Morelos),Rural
24,15,25,Estación Laguna Seca,Rural
24,15,35,Presa de Santa Gertrudis,Rural
24,15,18,Francisco I. Madero,Rural
24,15,34,Pocitos,Rural
24,15,17,Emiliano Zapata (Las Canteras),Rural
24,15,75,Los Callejones,Rural
24,15,47,Santa Ana de Zaragoza,Rural
24,15,149,Cerro Prieto,Rural
24,15,56,Ignacio Aldama,Rural
24,15,2,Álvaro Obregón (Estación los Charcos),Rural
24,15,43,San Juan del Tuzal,Rural
24,15,52,La Trinidad,Rural
24,15,7,Cañada Verde,Rural
24,15,10,El Cedazo,Rural
24,15,53,Vicente Guerrero (Las Escobas),Rural
24,15,20,El Hospital,Rural
24,15,13,Coyotillos,Rural
24,15,31,Noria del Cerro Gordo,Rural
24,15,83,Fátima,Rural
24,15,19,Guadalupe Victoria,Rural
24,15,26,Lajas,Rural
24,16,62,Ejido Ampliación Velazco,Rural
24,16,3,Estación Auza,Rural
24,16,84,Antigua Reforma,Rural
24,16,1,Ebano,Urbana
24,16,5,Pujal Coy,Urbana
24,16,91,Ponciano Arriaga,Urbana
24,16,2,Ajinche Marland,Rural
24,16,36,Vichinchijol Nuevo,Rural
24,16,23,Reforma el Alto,Rural
24,16,22,Plan de Iguala,Rural
24,16,87,Aurelio Manrique,Rural
24,16,11,Estación Velazco,Rural
24,17,33,Palos Altos,Rural
24,17,53,San Cristóbal,Rural
24,17,130,La Media Nega,Rural
24,17,1,Guadalcázar,Urbana
24,17,3,El Aguaje de García,Rural
24,17,15,Estanque Blanco,Rural
24,17,16,El Fraile,Rural
24,17,48,Realejo,Rural
24,17,56,San Gregorio,Rural
24,17,66,San Martín (San Martín del Tanquito),Rural
24,17,57,San Ignacio,Rural
24,17,59,Colonia Agrícola San José,Rural
24,17,65,San Juan sin Agua,Rural
24,17,69,San Rafael de los Nietos,Rural
24,17,105,Los Ángeles N·mero Dos,Rural
24,17,49,San Agustín,Rural
24,17,50,San Antonio del Tulillo,Rural
24,17,51,San Antonio de Trojes,Rural
24,17,137,Crucero de Charco Cercado (El Parador),Rural
24,17,55,Soledad de la Biznaga,Rural
24,17,71,Santa Rita del Rucio,Rural
24,17,11,Charco Blanco,Rural
24,17,72,Santo Domingo,Rural
24,17,26,La Naranjita,Rural
24,17,20,El Jicote,Rural
24,17,42,Presa de Guadalupe,Rural
24,17,85,Puerta de Jes·s María (La Rosita),Rural
24,17,19,El Jaujal,Rural
24,17,18,El Huizache,Rural
24,17,113,La Campana,Rural
24,17,60,San José de Cervantes,Rural
24,17,13,Domingo Gámez,Rural
24,17,10,El Puerto de la Clavellina,Rural
24,17,27,La Negrita,Rural
24,17,32,El Oro,Rural
24,17,34,Peyote,Rural
24,17,36,La Pólvora,Rural
24,17,41,Pozo de Acuña,Rural
24,17,44,Pozo Colorado,Rural
24,17,78,La Ventana,Rural
24,17,73,San Francisco del Tulillo,Rural
24,17,29,La Noria de las Flores,Rural
24,17,7,Progreso,Rural
24,17,14,Entronque de Matehuala (El Huizache),Rural
24,17,5,Los Amoles,Rural
24,17,30,Norias del Refugio,Rural
24,17,52,San Carlos,Rural
24,17,9,Buenavista,Rural
24,17,17,La Hincada,Rural
24,17,24,El Milagro de Guadalupe,Rural
24,17,2,Ábrego,Rural
24,17,12,Charco Cercado,Rural
24,17,40,Pozas de Santa Ana,Rural
24,17,28,Las Negritas,Rural
24,17,31,N·ñez,Rural
24,17,97,Presita del Tepetate,Rural
24,17,47,Rancho Nuevo,Rural
24,17,46,El Quelital,Rural
24,18,12,Tantocoy Uno,Rural
24,18,24,Tzinejá Dos,Rural
24,18,26,Alaquich,Rural
24,18,30,Chununtzén Dos Sección Cuatro,Rural
24,18,33,Chununtzén Dos Sección Siete,Rural
24,18,34,Chununtzén Dos Sección Ocho,Rural
24,18,1,Huehuetlán,Urbana
24,18,3,Chununtzén Dos Sección Dos,Rural
24,18,5,Jilim Tantocoy Tres,Rural
24,18,6,El Nacimiento,Rural
24,18,8,La Pimienta,Rural
24,18,9,San José,Rural
24,18,11,Tanleab Uno,Rural
24,18,14,Tatacuatla,Rural
24,18,15,Tzinejá Uno,Rural
24,18,35,Chununtzén Dos Sección Nueve,Rural
24,18,2,Chununtzén Uno,Rural
24,18,13,Cruz Blanca,Rural
24,18,18,La Escalera,Rural
24,18,53,Complemento Chununtzén,Rural
24,18,64,Fraccionamiento Raul Olivares Santos,Rural
24,18,60,Barrio Francisco Villa,Rural
24,18,49,Tanleab Dos,Rural
24,18,28,Chununtzén Dos Sección Uno,Rural
24,18,37,Chununtzén Dos Sección Once,Rural
24,18,4,Huichihuayán,Rural
24,18,17,Los Pinos,Rural
24,19,24,El Limón,Rural
24,19,25,La Línea,Rural
24,19,29,Las Norias,Rural
24,19,35,La Presa,Rural
24,19,6,El Capulín,Rural
24,19,64,Carrizal de San Juan de Abajo,Rural
24,19,38,El Quelitalillo (El Quelital),Rural
24,19,13,El Charco de Piedra,Rural
24,19,40,La Rodada,Rural
24,19,32,Pinihuan (Río Pinihuan),Rural
24,19,28,El Mirador (El Pedregal),Rural
24,19,22,Laguna Colorada,Rural
24,19,1,Lagunillas,Urbana
24,19,14,Los Charcos,Rural
24,19,16,Encinillas,Rural
24,19,23,Laguna Verde,Rural
24,19,44,San Rafael,Rural
24,19,17,El Epazote,Rural
24,20,4,Arroyito del Agua,Rural
24,20,5,La Bonita,Rural
24,20,24,El Guerrero,Rural
24,20,41,Noria de los Castillos,Rural
24,20,50,Pastoriza,Rural
24,20,276,San Ramón (Campestre),Rural
24,20,52,San José de la Peña,Rural
24,20,58,Presa de la Higuera,Rural
24,20,13,Cerrito Blanco,Rural
24,20,244,Salitrillos del Refugio,Rural
24,20,85,San Miguel,Rural
24,20,215,Los Naranjos (Las Ladrilleras),Rural
24,20,60,Puerta del Refugio,Rural
24,20,11,Carbonera,Rural
24,20,64,Rancho Nuevo,Rural
24,20,6,Buenavista,Rural
24,20,8,La Caja,Rural
24,20,107,San Antonio de Zaragoza,Rural
24,20,53,Las Peñitas,Rural
24,20,288,El Ranchito,Rural
24,20,54,Piedra Blanca,Rural
24,20,48,Palmas,Rural
24,20,55,San José del Plan,Rural
24,20,297,Colonia la Plata,Rural
24,20,304,Los Sauces,Rural
24,20,240,Estanque del Padre Niño,Rural
24,20,90,Santa Ana de Arriba,Rural
24,20,315,El Palmar,Rural
24,20,1,Matehuala,Urbana
24,20,40,La Misión,Rural
24,20,32,La Luz,Rural
24,20,99,Sarabia (Encarnación de Arriba),Rural
24,20,100,Tanque Colorado,Rural
24,20,275,Las Heroínas Mexicanas,Rural
24,20,56,Los Pocitos,Rural
24,20,81,San José de los Sotoles,Rural
24,20,286,Colonia Lotificación Central,Rural
24,20,282,Colonia los Orozcos,Rural
24,20,318,Colonia Humberto Gutiérrez,Rural
24,20,172,San José de los Olivas,Rural
24,20,88,San Rafael,Rural
24,20,291,Fraccionamiento Real de las Camelias,Rural
24,20,285,Colonia Emiliano Zapata,Rural
24,20,78,San José de las Trojes,Rural
24,20,25,El Herrero,Rural
24,20,92,Santa Brígida,Rural
24,20,278,Colonia Valle de México,Rural
24,20,18,Encarnación de Abajo,Rural
24,20,7,Noria de la Cabra,Rural
24,20,70,San Antonio de los Castillo,Rural
24,20,57,Pozo de Santa Clara,Rural
24,20,98,San Vicente,Rural
24,20,75,San Gabriel,Rural
24,20,72,San Francisco de Caleros,Rural
24,20,29,La Joya,Rural
24,20,14,La Concepción,Rural
24,20,69,San Antonio de las Barrancas,Rural
24,20,105,Viborillas,Rural
24,20,79,San José de la Viuda (Estanque Blanco),Rural
24,20,34,Maravillas,Rural
24,20,67,Sacramento,Rural
24,20,37,El Mezquite,Rural
24,20,80,San José de los Guajes,Rural
24,20,20,Estanque de Agua Buena,Rural
24,20,23,Guadalupe de los Faz,Rural
24,20,12,El Carmen,Rural
24,20,112,El Refugio,Rural
24,20,93,Santa Cruz,Rural
24,20,3,Los Ángeles,Rural
24,20,96,Santa Lucía,Rural
24,20,228,Colonia Luis Echeverría,Rural
24,21,2,Agua Prieta,Rural
24,21,6,Benito Juárez,Rural
24,21,7,Buenavista,Rural
24,21,9,La Campana,Rural
24,21,16,Cerrito de Maravillas,Rural
24,21,17,Cerro Prieto,Rural
24,21,18,Colonia Álvaro Obregón,Rural
24,21,25,Derramaderos,Rural
24,21,28,Colonia Guadalupes,Rural
24,21,31,Huizachillos,Rural
24,21,36,Los Jiménez,Rural
24,21,39,Lechuguillas,Rural
24,21,41,La Loma,Rural
24,21,51,Los Moreno,Rural
24,21,53,Fracción Ojo de Pinto,Rural
24,21,55,El Palmar Primero,Rural
24,21,56,Palmar Segundo,Rural
24,21,60,Puerto de Providencia,Rural
24,21,62,Rincón del Porvenir,Rural
24,21,64,Rivera,Rural
24,21,66,Los Rodríguez,Rural
24,21,68,Salitrillo,Rural
24,21,74,Tanque Grande,Rural
24,21,76,Temaxcalillo,Rural
24,21,77,El Tepozán,Rural
24,21,81,Venadito,Rural
24,21,83,Estancita,Rural
24,21,87,Los Rojas,Rural
24,21,88,Los Vanegas,Rural
24,21,90,Colonia Progreso,Rural
24,21,97,La Cruz,Rural
24,21,104,San Salvador,Rural
24,21,115,El Carrillo,Rural
24,21,117,Colonia Molino del Carmen,Rural
24,21,119,Colonia Orilla del Río,Rural
24,21,73,Suspiro Picacho,Rural
24,21,26,Estanzuela,Rural
24,21,124,Cerrito de Estanzuela,Rural
24,21,58,Paso Blanco,Rural
24,21,95,Colonia Primero de Enero,Rural
24,21,1,Mexquitic de Carmona,Urbana
24,21,71,San Marcos (San Marcos Carmona),Urbana
24,21,50,Morelos,Rural
24,21,4,El Arbolito,Rural
24,21,8,La Cabra,Rural
24,21,54,Ojo Zarco de Arista,Rural
24,21,72,San Pedro Ojo Zarco,Rural
24,21,15,Cerrito de Jaral,Rural
24,21,19,Colonia Emiliano Zapata (El Chamizal),Rural
24,21,20,Ejido Miguel Hidalgo,Rural
24,21,22,Contreras,Rural
24,21,27,Ranchería de Guadalupe,Rural
24,21,42,Los López,Rural
24,21,46,Milpillas,Rural
24,21,5,Barbecho,Rural
24,21,75,La Tapona,Rural
24,21,86,Jacalillos,Rural
24,21,91,Salitrillo,Rural
24,21,92,Ejido Milpillas,Rural
24,21,93,Rincón de San José,Rural
24,21,127,Puerta de Tinajuela,Rural
24,21,112,El Olmo,Rural
24,21,141,Cruces y Carmona,Rural
24,21,131,Juan Manuel,Rural
24,21,79,Valle Umbroso,Rural
24,21,21,La Colorada,Rural
24,21,35,El Jaralito,Rural
24,21,61,Los Retes,Rural
24,21,24,Comunidad de Corte Segundo,Rural
24,21,3,Agua Señora,Rural
24,21,105,Pollitos,Rural
24,21,12,El Carrizal,Rural
24,21,69,San Agustín,Rural
24,21,13,Cenicera,Rural
24,21,14,El Cerrito,Rural
24,21,32,Ignacio Allende,Rural
24,21,65,El Rodeo,Rural
24,21,78,Los Uribe,Rural
24,21,85,Los Hernández,Rural
24,21,107,Cañaditas,Rural
24,21,122,Ejido de Moras,Rural
24,21,29,Guadalupe Victoria,Rural
24,21,70,San Francisco (Lomas de San Francisco),Rural
24,21,67,Fracción Salitrera,Rural
24,21,23,Comunidad Corte Primero,Rural
24,21,80,Los Vázquez,Rural
24,21,49,Las Moras,Rural
24,21,33,Paisanos,Rural
24,21,84,Los Coronado,Rural
24,21,47,Monte Obscuro,Rural
24,21,44,Maravillas,Rural
24,21,45,Matancillas,Rural
24,22,8,La Carpa,Rural
24,22,9,El Carpintero,Rural
24,22,49,San Francisco de la Dicha,Rural
24,22,51,San Isidro,Rural
24,22,120,El Amparo,Rural
24,22,44,El Rebalín,Rural
24,22,48,San Felipe,Rural
24,22,6,Barrancas,Rural
24,22,64,El Sotol,Rural
24,22,1,Moctezuma,Urbana
24,22,10,Codorniz,Rural
24,22,5,Arroyo Hondo,Rural
24,22,15,La Cueva,Rural
24,22,16,Charco del Lobo (Centro),Rural
24,22,20,Estanco,Rural
24,22,24,Ejido Juárez,Rural
24,22,42,Rancho Nuevo,Rural
24,22,50,San Ignacio,Rural
24,22,46,Salsipuedes,Rural
24,22,83,Las Matancillas,Rural
24,22,142,Las Alteñas,Rural
24,22,19,Estación de Enramada,Rural
24,22,36,Piedra Azul (La Piedra),Rural
24,22,32,Morterillos,Rural
24,22,47,San Antonio del Rul,Rural
24,22,57,Santa Catarina,Rural
24,22,93,Pozo del Carmen,Rural
24,22,113,El Pedernal,Rural
24,22,94,Pozos de Matanza,Rural
24,22,85,El Mulero,Rural
24,22,18,Ex-Hacienda de Enramada,Rural
24,22,33,El Naranjo,Rural
24,22,54,San José de Enramada,Rural
24,22,179,La Loma,Rural
24,22,90,Las Pilitas,Rural
24,22,4,Ancón,Rural
24,22,2,La Aduana,Rural
24,22,23,Juache,Rural
24,22,21,Garabatillo,Rural
24,22,27,La Luz,Rural
24,22,29,La Matanza,Rural
24,22,53,San José del Grito,Rural
24,22,25,Labor Vieja,Rural
24,22,38,La Presa,Rural
24,22,43,El Retiro,Rural
24,22,14,El C·camo,Rural
24,22,30,Estación Moctezuma,Rural
24,22,12,El Colorado,Rural
24,22,61,Santa Teresa,Rural
24,22,92,Pozo Blanco,Rural
24,22,31,Morados,Rural
24,22,39,Providencia,Rural
24,22,13,Cruces,Rural
24,22,11,Colonia Progreso,Rural
24,22,82,Malpaso,Rural
24,23,6,Amoladeras,Rural
24,23,15,Las Guapas,Rural
24,23,42,San Francisco,Rural
24,23,48,Vaqueros,Rural
24,23,35,El Ranchito,Rural
24,23,23,La Nueva Reforma,Rural
24,23,65,El Epazote,Rural
24,23,31,Pozo Bendito,Rural
24,23,38,El Sabinito,Rural
24,23,50,La Vieja,Rural
24,23,40,San Cristóbal,Rural
24,23,13,La Escondida,Rural
24,23,46,Tortugas,Rural
24,23,29,El Piruche,Rural
24,23,41,San Felipe de Jes·s Gamotes,Rural
24,23,30,Potrero del Carnero,Rural
24,23,49,Vicente Guerrero,Rural
24,23,1,Rayón,Urbana
24,23,22,El Nogalito,Rural
24,23,74,Crucero de Rayón,Rural
24,23,20,Morelos,Rural
24,23,18,La Luz,Rural
24,23,3,El Aguacate,Rural
24,23,4,Aguacatillos,Rural
24,23,11,Cerrito de la Cruz,Rural
24,23,25,Obregón (Estancitas),Rural
24,23,21,Nogales,Rural
24,23,10,Las Canoas,Rural
24,23,44,Tierras Coloradas,Rural
24,23,32,Puertecitos,Rural
24,23,26,El Pajarito,Rural
24,24,15,Buenavista,Rural
24,24,21,Cieneguillas,Rural
24,24,27,Chupaderos,Rural
24,24,31,El Freno,Rural
24,24,47,El Nacimiento,Rural
24,24,63,Plazuela,Rural
24,24,66,Rancho del Puente (Puente Prieto),Rural
24,24,71,El Riachuelo (El Caracol),Rural
24,24,80,San José de las Flores,Rural
24,24,453,Colonia María del Rosario (Puente del Carmen),Rural
24,24,64,Progreso,Rural
24,24,74,San Diego,Rural
24,24,30,La Escondida,Rural
24,24,24,El Coyote,Rural
24,24,40,La Loma,Rural
24,24,5,Agua Dulce,Rural
24,24,61,El Pescadito,Rural
24,24,84,San Rafaelito,Rural
24,24,160,Las Guayabitas,Rural
24,24,41,La Manga,Rural
24,24,151,Valle Florido,Rural
24,24,67,Puerto de Martínez,Rural
24,24,175,Charco Salado,Rural
24,24,121,La Providencia,Rural
24,24,45,Milpitas,Rural
24,24,8,Valle de Guadalupe,Rural
24,24,46,La Muralla,Rural
24,24,57,Paso de San Antonio,Rural
24,24,26,El Charco,Rural
24,24,73,San Bartolo,Rural
24,24,92,Tanque de San Juan,Rural
24,24,162,Agua Zarca (La Pila),Rural
24,24,93,La Tapona,Rural
24,24,79,San José Gallinas,Rural
24,24,94,Tecomates,Rural
24,24,2,Las Adjuntas,Rural
24,24,83,San Martín,Rural
24,24,44,Miguel Hidalgo,Rural
24,24,36,Ildefonso Turrubiartes (La Boquilla),Rural
24,24,16,Cañada Grande,Rural
24,24,78,San José de Canoas,Rural
24,24,470,Santa Elena,Rural
24,24,500,Colonia Buenos Aires,Rural
24,24,1,Rioverde,Urbana
24,24,42,Mesa del Salto,Rural
24,24,35,El Huizachal,Rural
24,24,48,El Nogalito,Rural
24,24,51,Ojo de Agua Seco,Rural
24,24,56,Paso de los Herreros (Paso de Guadalupe),Rural
24,24,180,El Garambullo,Rural
24,24,76,San Francisco de la Puebla,Rural
24,24,86,Santa Isabel,Rural
24,24,95,El Tule,Rural
24,24,316,Las Magdalenas,Rural
24,24,468,Anexo el Riachuelo,Rural
24,24,59,Pastora,Rural
24,24,100,El Zapote,Rural
24,24,81,San José del Tapanco,Rural
24,24,52,La Palmita,Rural
24,24,85,San Sebastián,Rural
24,24,324,La Aldea,Rural
24,24,336,Colonia Independencia,Rural
24,24,259,Colonia María Asunción del Barrio de los Ángeles,Rural
24,24,524,El Lago,Rural
24,24,535,Arturo González Garza,Rural
24,24,75,San Francisco,Rural
24,24,452,Ampliación Ejido el Jabalí (La Curva),Rural
24,24,68,Redención Nacional,Rural
24,24,39,La Laborcilla,Rural
24,24,77,Sanguijuela,Rural
24,24,58,Paso Real,Rural
24,24,14,Bordo Blanco,Rural
24,24,98,La Virgen,Rural
24,24,4,El Aguacate,Rural
24,24,9,Angostura (Los Canelos),Rural
24,24,37,El Jabalí,Rural
24,24,87,Santa Rita,Rural
24,24,89,San Vicente,Rural
24,24,18,El Capulín,Rural
24,24,72,El Sabinito,Rural
24,25,29,San Antonio de la Paz,Rural
24,25,30,San Evaristo,Rural
24,25,18,El Mezquite,Rural
24,25,1,Salinas de Hidalgo,Urbana
24,25,2,El Alegre,Rural
24,25,11,Diego Martín (Charco Colorado),Rural
24,25,17,La Mesilla,Rural
24,25,41,Colonia Zaragoza (Garabatillo),Rural
24,25,8,Conejillo,Rural
24,25,10,San Pedro de Alcántar,Rural
24,25,32,San Isidro Peñón Blanco,Rural
24,25,49,El Llano del Conejillo,Rural
24,25,53,Estación Peñón Blanco,Rural
24,25,56,Vicente Guerrero (La Cócona),Rural
24,25,24,Punteros (San José de Punteros),Rural
24,25,47,La Mantenedora,Rural
24,25,26,La Reforma,Rural
24,25,21,Palma Pegada,Rural
24,25,22,El Potro,Rural
24,25,28,Salitrillo,Rural
24,25,35,Santa María,Rural
24,25,38,El Tecolote,Rural
24,25,4,Bajío de los Encinos (Los Encinitos),Rural
24,25,3,Azogueros,Rural
24,25,79,Noria de Cañas,Rural
24,25,13,El Estribo,Rural
24,25,6,La Bolsa,Rural
24,25,23,Pozo Seco,Rural
24,25,7,Las Colonias (Colonia Juárez),Rural
24,25,58,Cuéllar,Rural
24,26,4,Lejem,Rural
24,26,6,Pokchich,Rural
24,26,9,Tanchahuil,Rural
24,26,10,Tan Jajnec,Rural
24,26,12,Xolol,Rural
24,26,37,El Crucero de Lejem,Rural
24,26,55,Colonia el Progreso,Rural
24,26,1,San Antonio,Urbana
24,26,8,Santa Martha,Rural
24,26,7,San Pedro,Rural
24,26,2,Cuéchod,Rural
24,26,46,Colonia Altamira,Rural
24,26,47,Al Tzájib,Rural
24,26,74,La Rosita,Rural
24,26,5,Pa'tnel,Rural
24,26,11,Tocoy,Rural
24,27,65,La Tinaja,Rural
24,27,50,El Pitahayo (Santa Cruz del Pitayo),Rural
24,27,16,La Cañada Santa Gertrudis,Rural
24,27,66,La Trinidad,Rural
24,27,1,San Ciro de Acosta,Urbana
24,27,40,El Ërgano,Rural
24,27,25,Codornices,Rural
24,27,42,Palo Alto de la Purísima Concepción,Rural
24,29,2,Las Acamayas,Rural
24,29,3,Acatitla,Rural
24,29,4,Acayo,Rural
24,29,14,El Carrizo,Rural
24,29,31,La Esperanza,Rural
24,29,32,El Frijolillo,Rural
24,29,45,Matlapita,Rural
24,29,65,El Potrero,Rural
24,29,71,Sabinito,Rural
24,29,75,Ejido Domingo,Rural
24,29,76,La Soledad,Rural
24,29,77,Taxicho,Rural
24,29,81,Tenexamel,Rural
24,29,83,Tepetate (Rancho Nuevo),Rural
24,29,84,Tepetlayo,Rural
24,29,98,Rancho Nuevo,Rural
24,29,99,Lindero,Rural
24,29,102,El Sacrificio,Rural
24,29,29,Domingo Zapoyo,Rural
24,29,86,Terrerito,Rural
24,29,73,San Luisito,Rural
24,29,191,Piedra Parada,Rural
24,29,64,Pitagio,Rural
24,29,108,El Rodeo de la Cruz,Rural
24,29,12,Los Bordones,Rural
24,29,199,Cuaxocoyo Uno Limontitla,Rural
24,29,49,La Mesa del Toro,Rural
24,29,109,La Pimienta,Rural
24,29,19,Cerro (Cerro de la Cruz),Rural
24,29,53,Ocuiltzapoyo,Rural
24,29,54,Octlamecayo,Rural
24,29,1,San Martín Chalchicuautla,Urbana
24,29,56,Buenavista (Palmar Alto),Rural
24,29,187,Rancho Nuevo,Rural
24,29,47,Mesa del Flojo,Rural
24,29,25,Chachatipa,Rural
24,29,35,El Huayal,Rural
24,29,66,Poza Redonda,Rural
24,29,68,Ejido la Puerta,Rural
24,29,80,Tempexquititla,Rural
24,29,207,Pemuche (Ejido Nuevo),Rural
24,29,30,Escuatitla,Rural
24,29,91,Xalamatitla,Rural
24,29,88,Totolteo,Rural
24,29,123,Barrio la Cruz,Rural
24,29,82,Tepemiche,Rural
24,29,11,Barranquillas (Tepetzintla),Rural
24,29,43,Manchoc,Rural
24,29,72,San José de las Adjuntas,Rural
24,29,153,El Higuito,Rural
24,29,37,Ixpatlach,Rural
24,29,6,Aguamolo,Rural
24,29,39,Lalaxo,Rural
24,30,9,Barranca de San Joaquín,Rural
24,30,18,Fracción Ocampo,Rural
24,30,1,San Nicolás Tolentino,Urbana
24,30,37,Potrero de Santa Gertrudis,Rural
24,30,10,Cañas,Rural
24,30,41,San José de Nogalitos,Rural
24,30,11,Carrizal de Guadalupe,Rural
24,30,21,Ignacio Allende,Rural
24,30,24,Laguna de Santo Domingo,Rural
24,30,19,Las Golondrinas,Rural
24,30,31,Ojo de Agua,Rural
24,30,22,Jagüey de San Francisco,Rural
24,30,29,Morenos,Rural
24,30,42,San Martín de Abajo,Rural
24,30,45,Santa Catarina,Rural
24,31,2,El Agarroso,Rural
24,31,6,Calabazas (San Francisco del Sauce),Rural
24,31,8,La Cuchilla,Rural
24,31,9,La Compuerta,Rural
24,31,14,Las Lagunitas,Rural
24,31,26,Puerta del Salto,Rural
24,31,28,San Antonio de los Guayabos,Rural
24,31,35,San Nicolás de Tampote,Rural
24,31,38,Tanl·,Rural
24,31,25,San Diego (Pueblo Viejo),Rural
24,31,36,Tanlacut (Pueblo de Tanlacut),Rural
24,31,46,Chacuala,Rural
24,31,19,El Mezquital,Rural
24,31,11,El Puente (Ejido Guayabos),Rural
24,31,44,El Coco,Rural
24,31,3,Anteojos,Rural
24,31,5,Caballos,Rural
24,31,89,El Carrizalillo,Rural
24,31,18,Mesa del Junco,Rural
24,31,22,Paso de Botello,Rural
24,31,21,La Parada,Rural
24,31,7,Carrizal Grande,Rural
24,31,31,San Pedro,Rural
24,31,30,San José,Rural
24,31,1,Santa Catarina,Urbana
24,31,58,El Pedregoso,Rural
24,31,32,Santa María Acapulco,Rural
24,31,48,La Encantada,Rural
24,31,4,La Barranca,Rural
24,31,13,Tanlacut (Labor Zapata),Rural
24,32,32,La Boquineta,Rural
24,32,40,Cañada del Cacao,Rural
24,32,121,Llano de Guadalupe,Rural
24,32,284,Fracción el Toro,Rural
24,32,338,Entronque a Tierra Nueva,Rural
24,32,1,Santa María del Río,Urbana
24,32,30,Bernalejo,Rural
24,32,43,Cañada de Yáñez,Rural
24,32,77,Enramadas,Rural
24,32,85,El Fuerte,Rural
24,32,91,Guanajuatito (Cerrito de la Cruz),Rural
24,32,142,El Molino Cinco Señores,Rural
24,32,108,La Labor del Río (Hacienda la Labor del Río),Rural
24,32,22,Balneario de Lourdes [Centro Vacacional],Rural
24,32,189,Peregrina de Arriba,Rural
24,32,219,Puerto de Victoria,Rural
24,32,266,El Soyate,Rural
24,32,52,El Cerrito,Rural
24,32,151,Ojo Caliente,Rural
24,32,47,La Cardona,Rural
24,32,251,San Juan Capistrán,Rural
24,32,376,Los Conos,Rural
24,32,106,Laborcilla,Rural
24,32,25,Barrancas del Pueblito (Cuesta Colorada),Rural
24,32,54,Cerro Prieto,Rural
24,32,48,El Carmen,Rural
24,32,188,Peregrina de Abajo,Rural
24,32,153,Ojo de Agua de las Flores,Rural
24,32,204,El Pueblito,Rural
24,32,260,Ejido la Pitahaya (Santo Domingo),Rural
24,32,299,La Yerbabuena,Rural
24,32,297,Villela,Rural
24,32,291,El Tule,Rural
24,32,517,Loma Bonita,Rural
24,32,166,Palmarito,Rural
24,32,243,Fracción Sánchez,Rural
24,32,275,El Tepozán,Rural
24,32,5,Agostadero de Santa Bárbara,Rural
24,32,26,Barranca,Rural
24,32,295,El Huizache,Rural
24,32,250,San José Alburquerque,Rural
24,32,20,Estancia de Atotonilco,Rural
24,32,53,Cerrito de Varas Blancas,Rural
24,32,416,El Álamo,Rural
24,32,420,Fracción Uno Ex-Hacienda Santo Domingo,Rural
24,32,201,Presa de Dolores,Rural
24,33,1,Santo Domingo,Urbana
24,33,2,El Arenal,Rural
24,33,22,San Antonio del Mezquite,Rural
24,33,19,Providencia,Rural
24,33,32,Socorro de Dios,Rural
24,33,23,San Francisco,Rural
24,33,67,La Ventura (El Grullo),Rural
24,33,25,San Juan del Salado,Rural
24,33,14,Illescas,Rural
24,33,28,Santa Clara,Rural
24,33,3,Bajío del Ciriaco,Rural
24,33,29,Santa Efigenia,Rural
24,33,6,Juan Sarabia (Centro Ovino),Rural
24,33,36,La Victoria,Rural
24,33,8,Cerritos de Bernal,Rural
24,33,13,Gámez,Rural
24,33,10,Congregación de Santo Domingo,Rural
24,33,20,El Sabino,Rural
24,33,24,San José Calihuey,Rural
24,33,30,Santa Matilde,Rural
24,33,33,El Tepetate,Rural
24,33,21,San Antonio Banderillas,Rural
24,33,4,El Bozal,Rural
24,33,18,Morelos,Rural
24,33,27,San Nicolás,Rural
24,33,51,La Yerbabuena,Rural
24,33,31,San Vicente Banderillas,Rural
24,33,37,Zancarrón,Rural
24,33,15,Jes·s María,Rural
24,33,39,Zaragoza (Pozo Salado),Rural
24,34,37,Tancojol Rincón Brujo,Rural
24,34,40,Tasajeras,Rural
24,34,251,Colonia Juárez (Nuevo Jomté),Rural
24,34,253,Ejido Miguel Hidalgo (Nuevo Jomté),Rural
24,34,50,Lázaro Cárdenas,Rural
24,34,98,Ejido la Bolsa Uno,Rural
24,34,111,Nuevo Jomté (Ezequiel Ahumada),Rural
24,34,235,Nuevo Jomté (Antiguo Tamuín Dos),Rural
24,34,47,Francisco Villa,Rural
24,34,250,Colonia el Carmen (Nuevo Jomté),Rural
24,34,62,Nuevo Jomté (El Sacrificio),Rural
24,34,110,Nuevo Jomté (Tambolón),Rural
24,34,107,Nuevo Jomté (Tasajeras Dos),Rural
24,34,108,Nuevo Jomté (La Bolsa Dos),Rural
24,34,74,San Juan de las Vegas,Rural
24,34,115,Nuevo Jomté (Nuevo May),Rural
24,34,109,Nuevo Jomté (Unión y Progreso),Rural
24,34,233,General León Martínez MHD,Rural
24,34,236,Nuevo Jomté (Colonia Hidalgo),Rural
24,34,13,El Chote,Rural
24,34,2,El Álamo,Rural
24,34,39,Tantojón,Rural
24,34,38,Tancuiche,Rural
24,34,28,San Francisco Cuayalab,Rural
24,34,1,San Vicente Tancuayalab,Urbana
24,34,34,El Sasub,Rural
24,34,112,Nuevo Jomté (El Ciruelar Dos),Rural
24,34,67,Flores Magón,Rural
24,34,204,Narciso Mendoza,Rural
24,36,15,Carrizalito de Trompeteros,Rural
24,36,27,El Huizachal,Rural
24,36,46,Pozo del Sauz,Rural
24,36,56,San José el Viejo (Huam·chil la Tigra),Rural
24,36,67,El Trigo,Rural
24,36,145,San Jerónimo,Rural
24,36,117,La Esperanza,Rural
24,36,55,San Andrés de los Limones,Rural
24,36,12,Capuchinas,Rural
24,36,77,El Nogalito,Rural
24,36,62,Santa Rosalía,Rural
24,36,98,Emiliano Zapata (La Boquilla),Rural
24,36,30,Laguna de Gómez,Rural
24,36,35,La Mojonera (La Mohonera),Rural
24,36,32,La Manzanilla,Rural
24,36,9,Cabezas,Rural
24,36,73,El Puerto de Rancho Nuevo,Rural
24,36,4,El Aguacate,Rural
24,36,148,Rancho Nuevo,Rural
24,36,51,Rincón de Ramírez,Rural
24,36,54,El Sabinito Quemado,Rural
24,36,10,Cafetal,Rural
24,36,113,Copalillos,Rural
24,36,13,El Carpintero,Rural
24,36,123,Tanque del Borrego,Rural
24,36,5,Agua Puerca,Rural
24,36,86,Huam·chil,Rural
24,36,2,Abras del Corozo,Rural
24,36,29,Kilómetro Cuatrocientos Setenta,Rural
24,36,61,Santa María Tampalatín,Rural
24,36,49,Puerto Verde,Rural
24,36,24,Damián Carmona,Rural
24,36,101,El Naranjo,Rural
24,36,68,Veinte de Noviembre,Rural
24,36,59,Santa Elena (El Retacho),Rural
24,36,36,Naranjito,Rural
24,36,17,Cebadilla,Rural
24,36,1,Tamasopo,Urbana
24,36,3,Agua Buena,Urbana
24,36,64,Tambaca,Urbana
24,36,28,El Huizache,Rural
24,36,26,La Gavia,Rural
24,36,20,Campamento Alfa (Los Cuates),Rural
24,36,22,Cuesta Blanca,Rural
24,36,23,El Chino,Rural
24,36,63,El Saucillo,Rural
24,36,41,La Palma (Villa de la Palma),Rural
24,36,58,San Nicolás de los Montes,Rural
24,36,8,Buenavista,Rural
24,37,10,Atehuac,Rural
24,37,21,Cerro Grande,Rural
24,37,22,Cuatzontitla,Rural
24,37,25,Coyol (Vega Larga),Rural
24,37,40,Barrio de Guadalupe,Rural
24,37,41,Guaxcuaco,Rural
24,37,43,Huazalingo,Rural
24,37,46,Ixteamel,Rural
24,37,47,Ixtla (Ixtla Santiago),Rural
24,37,49,La Laguna,Rural
24,37,56,Paguayo,Rural
24,37,74,San Francisco,Rural
24,37,76,Santa María Picula,Rural
24,37,79,Tacial,Rural
24,37,80,Tamacol,Rural
24,37,86,Tenexco,Rural
24,37,98,Tezontla,Rural
24,37,108,Xaltipa,Rural
24,37,114,El Chaparral,Rural
24,37,118,Encino Solo,Rural
24,37,125,Taxicho,Rural
24,37,130,Poxantla,Rural
24,37,164,Totectitla los Ciruelos,Rural
24,37,170,Cuajapa Tamán,Rural
24,37,172,Barrio la Vega Cuixcuatitla,Rural
24,37,174,Coahuica,Rural
24,37,211,Xomoco,Rural
24,37,216,Huichapa,Rural
24,37,217,Ixtlapalaco,Rural
24,37,222,Zapotitla,Rural
24,37,238,Barrio las Palmas,Rural
24,37,245,Limatitla,Rural
24,37,256,Tolapa (Tolapa Tamán),Rural
24,37,292,Rancho Quemado,Rural
24,37,303,Camarones,Rural
24,37,335,Tlaxcala,Rural
24,37,362,Coxotla,Rural
24,37,37,El Encinal,Rural
24,37,109,Xicotla,Rural
24,37,239,Pahuayo,Rural
24,37,82,Tamán,Rural
24,37,162,Tlalocuil,Rural
24,37,7,Amatitla Santiago,Rural
24,37,52,Mecachiquico,Rural
24,37,78,Santiago Centro,Rural
24,37,92,Tetitla,Rural
24,37,103,Tlamaya Santiago,Rural
24,37,169,Mecapala,Rural
24,37,334,Tlalixco,Rural
24,37,197,Tixcuayuca,Rural
24,37,91,San Antonio,Rural
24,37,13,Axhumol,Rural
24,37,148,El Carrizal,Rural
24,37,18,Cacateo,Rural
24,37,220,La Fortuna,Rural
24,37,62,Payantla,Rural
24,37,87,Tenextipa,Rural
24,37,93,Tetlama,Rural
24,37,370,Los Tamarindos,Rural
24,37,38,Enramaditas,Rural
24,37,398,Tlachiquilyacapa,Rural
24,37,96,Tezapotla,Rural
24,37,48,Ixtlapalaco,Rural
24,37,23,Cojolapa,Rural
24,37,419,San Andres,Rural
24,37,306,Los Cerritos,Rural
24,37,94,Texojol,Rural
24,37,202,Tilapa,Rural
24,37,221,Sukiamel,Rural
24,37,99,Tianguispicula,Rural
24,37,258,Tepetzintla,Rural
24,37,70,Rancho Nuevo,Rural
24,37,167,El Laurel,Rural
24,37,54,El Naranjal,Rural
24,37,29,La Cuchilla,Rural
24,37,122,Tecomate Uno,Rural
24,37,84,Temacuil,Rural
24,37,176,El Coyol San Francisco,Rural
24,37,67,El Platanito,Rural
24,37,30,Cuixcuatitla,Rural
24,37,8,Amatitla Tamán,Rural
24,37,106,Vega Larga,Rural
24,37,129,Mazatétl,Rural
24,37,105,Tlacuilola,Rural
24,37,166,Cuapilol,Rural
24,37,88,El Tepetate,Rural
24,37,6,Ahuehueyo,Rural
24,37,234,Las Cabañas,Rural
24,37,183,Las Estacas,Rural
24,37,190,El Ranchito,Rural
24,37,397,Tepeyac,Rural
24,37,57,Palictla,Rural
24,37,120,Limajyo,Rural
24,37,246,El Maguey,Rural
24,37,85,Temamatla,Rural
24,37,5,Aguazarca,Rural
24,37,1,Tamazunchale,Urbana
24,37,33,Chapulhuacanito,Urbana
24,37,139,El Piñal,Rural
24,37,59,Las Palomas,Rural
24,37,411,Barrio Benito Juárez,Rural
24,37,406,Colonia Doracely,Rural
24,37,28,Coaxocotitla,Rural
24,37,61,Papatlaco Santiago,Rural
24,37,285,Xochiayo Santiago,Rural
24,37,223,Barrio Progreso,Rural
24,37,352,Colonia Nezahualcóyotl,Rural
24,37,53,Mecatlán,Rural
24,37,385,San José Santiago,Rural
24,37,375,Emiliano Zapata,Rural
24,37,113,Zoquitipa,Rural
24,37,250,La Reforma (El Lindero),Rural
24,37,12,Atlajque,Rural
24,37,102,Tlalnepantla,Rural
24,37,58,El Palmito,Rural
24,37,425,La Ceiba,Rural
24,37,153,Buenos Aires Retroceso,Rural
24,37,35,Chilocuil Tamán,Rural
24,37,63,Pemucho,Rural
24,38,7,Cuayahual,Rural
24,38,24,Macuilocatl,Rural
24,38,26,La Mata,Rural
24,38,28,La Finca Miraflores,Rural
24,38,32,Ampliación Nuevo Hulero,Rural
24,38,45,Santomila,Rural
24,38,48,Tenextitla Dos,Rural
24,38,71,Lázaro Cárdenas,Rural
24,38,105,Tepetzintla,Rural
24,38,116,Doctor Salvador Nava Martínez (Nuevo Santa Rita),Rural
24,38,12,Chililillo,Rural
24,38,27,Las Mesas,Rural
24,38,17,El Huexco,Rural
24,38,52,Xochiayo,Rural
24,38,53,Xochicuatla,Rural
24,38,61,Barrio de Coyolo,Rural
24,38,39,Puyécatl,Rural
24,38,14,Chupadero,Rural
24,38,36,Palolco,Rural
24,38,100,Palantitla,Rural
24,38,40,El Refugio,Rural
24,38,13,Chimimexco,Rural
24,38,47,Tenextitla Uno,Rural
24,38,46,La Soledad,Rural
24,38,8,Los Cues,Rural
24,38,90,Barrio Viboritas,Rural
24,38,33,Nuevo Jalpilla,Rural
24,38,5,El Cedral,Rural
24,38,1,Tampacán,Urbana
24,38,20,Lagunillas,Rural
24,38,50,Totomoxtla (La Ceiba),Rural
24,38,18,El Hulero,Rural
24,38,11,Chiconamel,Rural
24,39,10,La Candelaria,Rural
24,39,12,El Carrizal,Rural
24,39,19,C'oyob T·jub,Rural
24,39,21,La Cruz Grande,Rural
24,39,59,La Palizada,Rural
24,39,92,Tut Tzen (Tiutzén),Rural
24,39,141,El Naranjo Tayabtzén (Tres Palmas),Rural
24,39,184,Colonia González Mazo,Rural
24,39,23,Coatixtalab,Rural
24,39,76,Río Florido,Rural
24,39,57,Comunidad el Naranjo,Rural
24,39,96,Tenexo,Rural
24,39,103,Las Víboras,Rural
24,39,90,Tajinab,Rural
24,39,98,Tonatico,Rural
24,39,4,Arroyo Grande,Rural
24,39,69,Punchumu,Rural
24,39,94,Tallabtzén,Rural
24,39,50,Mancornadero,Rural
24,39,210,Comunidad Tierra Blanca,Rural
24,39,120,Ejido el Puente (San Andrés),Rural
24,39,95,Teaxil,Rural
24,39,78,San Bartolo,Rural
24,39,101,Tzapuw Já (Tzapuja),Rural
24,39,25,El Chijol,Rural
24,39,136,San José de la Cruz,Rural
24,39,24,Cuatz Ajin (Coatzajín),Rural
24,39,16,Coaxinquila,Rural
24,39,26,Chiquinteco,Rural
24,39,1,Tampamolón Corona,Urbana
24,39,61,Paxquid,Rural
24,39,65,Pucté,Rural
24,39,91,Tamarindo Huasteco,Rural
24,40,133,Tampacoy,Rural
24,40,462,Ejido Graciano Sánchez,Rural
24,40,677,Nuevo Aserradero,Rural
24,40,781,Emiliano Zapata,Rural
24,40,47,La Fortaleza,Rural
24,40,72,Manuel Ávila Camacho,Rural
24,40,68,Loma Alta,Rural
24,40,86,Las Palmas,Rural
24,40,135,Estación Tamuín,Rural
24,40,85,El Palmar,Rural
24,40,117,San José de Limón,Rural
24,40,12,El Caracol,Rural
24,40,429,El Carrizo,Rural
24,40,678,Nuevo Caseral,Rural
24,40,160,Nuevo Ahuacatitla,Rural
24,40,6,Antiguo Tamuín,Rural
24,40,460,Ejido Velazco,Rural
24,40,433,Venustiano Carranza,Rural
24,40,132,Tamante,Rural
24,40,617,Luis Donaldo Colosio,Rural
24,40,386,Nuevo Aquismón,Rural
24,40,661,Loma del Palmar,Rural
24,40,372,El Centinela,Rural
24,40,676,Nueva Primavera,Rural
24,40,1,Tamuín,Urbana
24,40,157,Nuevo Tampaón,Urbana
24,40,121,Ejido Santa Elena,Rural
24,40,16,La Ceiba,Rural
24,40,139,La Tima (Fracción las Palmas),Rural
24,40,126,Santa Martha,Rural
24,40,318,Ejido los Huastecos,Rural
24,41,19,Monec,Rural
24,41,20,El May,Rural
24,41,102,Ejido el Tzajib,Rural
24,41,112,El Tiyóu,Rural
24,41,148,Primer Ayuntamiento (Agua Hedionda),Rural
24,41,154,Tres Cruces,Rural
24,41,160,Ejido Serapio Gutiérrez,Rural
24,41,128,San Isidro,Rural
24,41,15,El Jomte,Rural
24,41,30,Ejido San José Xilatzén,Rural
24,41,34,Santa Rosa,Rural
24,41,70,Cuitzabtzén,Rural
24,41,77,El Fortín May,Rural
24,41,18,Malilija,Rural
24,41,173,Barrio Cuaytzén Viejo,Rural
24,41,116,Nuevo Cueytzén,Rural
24,41,98,El Mante,Rural
24,41,4,Ejido la Argentina,Rural
24,41,23,El Pando,Rural
24,41,26,Anexo Quelabitad Calabazas,Rural
24,41,95,Quelabitad,Rural
24,41,115,Ejido Niños Héroes,Rural
24,41,29,San José del Tinto (La Gloria),Rural
24,41,76,Tizoapatz,Rural
24,41,10,Ejido la Cebadilla,Rural
24,41,16,La Labor,Rural
24,41,6,Ejido el Barrancón,Rural
24,41,11,Ejido la Concepción,Rural
24,41,37,Coromohom (Tocoymohom),Rural
24,41,36,Tancolol,Rural
24,41,1,Tanlajás,Urbana
24,41,117,Quelabitad Comunal,Rural
24,41,33,Santa Elena,Rural
24,41,3,Agualoja,Rural
24,41,53,San Benito,Rural
24,41,32,San Nicolás,Rural
24,41,108,Dhokob,Rural
24,42,16,Sagrada Familia,Rural
24,42,35,La Laguna,Rural
24,42,125,Colonia Marcelo de los Santos Fraga,Rural
24,42,3,El Basuche,Rural
24,42,11,Las Lomas,Rural
24,42,19,Tampicol,Rural
24,42,4,Buenavista,Rural
24,42,6,El Cerrito,Rural
24,42,1,Tanquián de Escobedo,Urbana
24,42,10,El Gavial,Rural
24,43,43,Huizachal,Rural
24,43,116,Barrio de Santiago,Rural
24,43,1,Tierra Nueva,Urbana
24,43,12,Paso del Balcón,Rural
24,43,39,Fracción de Hacienda Vieja,Rural
24,43,84,El Patol,Rural
24,43,90,El Piquín,Rural
24,43,104,El Salitre Grande,Rural
24,43,109,San Isidro,Rural
24,43,190,Presa la Muñeca,Rural
24,43,17,El Camarón,Rural
24,43,25,Cerro de la Virgen,Rural
24,43,108,San Gabriel (San Salvador),Rural
24,44,24,La Trueba,Rural
24,44,1,Vanegas,Urbana
24,44,7,Noria de los Cedros,Rural
24,44,12,La Sabanilla,Rural
24,44,18,San Juan de Vanegas,Rural
24,44,25,Vanegas de Abajo,Rural
24,44,4,El Gallo,Rural
24,44,13,El Salado (Estación el Salado),Rural
24,44,15,El Salto Colorado,Rural
24,44,5,Huertecillas,Rural
24,44,22,Tanque de López,Rural
24,44,9,La Pinta,Rural
24,44,23,El Tepetate,Rural
24,44,8,La Noria de Jes·s,Rural
24,44,26,Zaragoza (La Vaca),Rural
24,44,10,Presa de Santa Ana,Rural
24,44,21,San Vicente,Rural
24,44,11,La Punta (San José de la Punta),Rural
24,44,2,Cuatro Milpas,Rural
24,44,14,Salitrillos,Rural
24,44,20,Santa Teresa,Rural
24,45,11,Cañada Grande,Rural
24,45,13,Cerro Blanco,Rural
24,45,17,Cinco de Mayo,Rural
24,45,18,Coronado (Hacienda de Coronado),Rural
24,45,55,San Mateo,Rural
24,45,74,Barrio de Guadalupe Dos (Mexiquito),Rural
24,45,56,San Pedro,Rural
24,45,22,El Epazote,Rural
24,45,4,La Barranca Norte,Rural
24,45,126,Los Trejos,Rural
24,45,1,Venado,Urbana
24,45,8,Buenavista,Rural
24,45,25,Guanamé,Rural
24,45,33,El Matorral,Rural
24,45,50,El Salitre,Rural
24,45,62,El Sotol,Rural
24,45,16,Cinco de Febrero,Rural
24,45,118,Ejido el Salero,Rural
24,45,68,La Trinidad,Rural
24,45,14,La Ciénaga de Guanamé,Rural
24,45,59,Santa Rita,Rural
24,45,65,Tierra Blanca,Rural
24,45,43,El Ranchito,Rural
24,45,85,La Puerta,Rural
24,45,21,Don Diego,Rural
24,45,54,San Joaquín de las Flores,Rural
24,45,98,El Pocito,Rural
24,45,48,Los Remedios,Rural
24,45,30,El Laurel,Rural
24,45,37,Polocote de Arriba,Rural
24,45,49,El Salero,Rural
24,45,63,El Tecolote,Rural
24,45,23,El Grullo,Rural
24,46,2,Agua Gorda de los Patos,Rural
24,46,55,Puerto Espino,Rural
24,46,189,Colonia los Manueles,Rural
24,46,24,Franco,Rural
24,46,1,Villa de Arriaga,Urbana
24,46,19,Colonia Emiliano Zapata,Rural
24,46,25,Santa Rosa de Gallinas,Rural
24,46,83,El Tepetate,Rural
24,46,58,San Antonio,Rural
24,46,23,Francisco I. Madero,Rural
24,46,34,Colonia la Luz,Rural
24,46,40,El Mezquital,Rural
24,46,43,Colonia Palomas,Rural
24,46,47,Providencia,Rural
24,46,62,San Francisco,Rural
24,46,30,Colonia la Laborcilla,Rural
24,46,69,San Luis Gonzaga,Rural
24,46,101,Colonia Guadalupe Victoria (Fátima),Rural
24,46,42,Ojo de Agua de Juan Pérez,Rural
24,46,57,San Agustín,Rural
24,46,67,San José de la Purísima,Rural
24,46,205,Colonia Aquiles Córdova Morán,Rural
24,46,74,Santa Clara de los Bordos,Rural
24,47,13,Santa María del Rincón (El Guajolote),Rural
24,47,28,La Presa,Rural
24,47,41,San Bartolo,Rural
24,47,44,San José del Muerto,Rural
24,47,15,La Joya,Rural
24,47,34,Puerto de Magdalena,Rural
24,47,40,San Antonio de los Regalado,Rural
24,47,4,Arroyo Seco,Rural
24,47,51,Santa Rita de los Hernández,Rural
24,47,16,El Leoncito,Rural
24,47,46,San Judas,Rural
24,47,18,Magdalenas,Rural
24,47,14,Jarillas,Rural
24,47,60,Vallejos,Rural
24,47,39,San Antonio de la Ordeña,Rural
24,47,1,Villa de Guadalupe,Urbana
24,47,8,Santa Rosalía del Centro,Rural
24,47,20,El Matorral,Rural
24,47,21,Morelos,Rural
24,47,73,El Venadito,Rural
24,47,19,Santa Rosa la Masita,Rural
24,47,49,Santa Isabel (El Pozo),Rural
24,47,56,Zaragoza de Solís,Rural
24,47,29,La Presita,Rural
24,47,17,Llano de Jes·s María,Rural
24,47,70,Los Chilares,Rural
24,47,5,La Biznaga,Rural
24,47,50,Santa Rita de Casia,Rural
24,47,7,Bustamante (Las Trojas),Rural
24,47,35,Rancho Alegre,Rural
24,47,25,Palo Blanco,Rural
24,47,42,San Francisco,Rural
24,47,52,Santa Teresa,Rural
24,47,12,Guadalupito,Rural
24,47,6,Buenavista,Rural
24,48,6,El Jato,Rural
24,48,11,San Antonio de las Trojes,Rural
24,48,7,Laureles,Rural
24,48,1,Villa de la Paz,Urbana
24,48,2,Barbechos,Rural
24,48,3,La Boca,Rural
24,48,8,Limones,Rural
24,48,9,Los Nazarios,Rural
24,50,8,Boca de Santiago,Rural
24,50,9,La Boquilla (La Pequeña Irrigación),Rural
24,50,13,Cañón de Bledos,Rural
24,50,32,Ojo de Agua del Gato,Rural
24,50,64,Las Gualupas,Rural
24,50,68,Puente de Tierra,Rural
24,50,10,Cabras,Rural
24,50,2,El Álamo (Alamitos),Rural
24,50,45,Bajío de los Anillos (El Salto),Rural
24,50,1,Villa de Reyes,Urbana
24,50,25,Laguna de San Vicente,Urbana
24,50,43,El Rosario,Urbana
24,50,5,Arroyo Blanco,Rural
24,50,7,Bledos,Rural
24,50,19,Ejido Gogorrón (Ex-Hacienda de Gogorrón),Rural
24,50,23,Jes·s María,Rural
24,50,28,Los Macheros,Rural
24,50,30,Malinto,Rural
24,50,37,Presa San Agustín,Rural
24,50,40,La Puerta de San Antonio,Rural
24,50,42,Rodrigo,Rural
24,50,44,Las Rusias (Cuesillo),Rural
24,50,55,Socavón (El Carmen),Rural
24,50,58,La Ventilla,Rural
24,50,99,La Rinconeña,Rural
24,50,164,Los Pocitos,Rural
24,50,185,La Joyita,Rural
24,50,35,Pardo,Urbana
24,50,11,Estancia de Calderón,Rural
24,50,15,El Centenario,Rural
24,50,252,Valle de San Francisco,Rural
24,50,63,Plan de San Luis de Bledos,Rural
24,50,49,San Lorenzo,Rural
24,50,27,Machado,Rural
24,50,52,El Tejocote de San Miguel,Rural
24,50,57,La Loma del Tejocote (La Loma),Rural
24,50,71,Granja San Martín (Las Caleras),Rural
24,50,3,Alberto Carrera Torres,Rural
24,50,65,El Mirador,Rural
24,50,20,Guadiana,Rural
24,50,33,Presa del Organito,Rural
24,50,70,La Presa (La Presita),Rural
24,50,69,El Verde,Rural
24,50,53,Saucillo,Rural
24,50,14,Carranco,Rural
24,50,54,Saucillo de Bledos,Rural
24,50,34,Palomas,Rural
24,50,50,San Miguel,Rural
24,50,17,Emiliano Zapata,Rural
24,51,92,El Aljíber,Rural
24,51,32,El Pocito,Rural
24,51,1,Villa Hidalgo,Urbana
24,51,33,Presita de la Cruz,Rural
24,51,50,Silos,Rural
24,51,7,Corcovada,Rural
24,51,53,Tanque de Luna,Rural
24,51,60,Zapotillo,Rural
24,51,49,Sequedad,Rural
24,51,17,Lagunillas,Rural
24,51,36,Rincón del Refugio,Rural
24,51,21,Llano del Carmen,Rural
24,51,55,La Tapona,Rural
24,51,28,Paso Blanco,Rural
24,51,29,Pedrera del Tanquito,Rural
24,51,45,San Nicolás del Refugio,Rural
24,51,54,Tanque Nuevo,Rural
24,51,58,Veinte de Noviembre,Rural
24,51,62,El Coyote,Rural
24,51,10,Presa de Chancaquero,Rural
24,51,6,Corazones,Rural
24,51,34,La Redonda,Rural
24,51,57,Valle de San Juan,Rural
24,51,26,El Ojito,Rural
24,51,19,El Leoncito,Rural
24,51,43,San Lorenzo,Rural
24,51,40,San Ignacio,Rural
24,51,56,Trojes,Rural
24,51,59,Venaditos,Rural
24,51,52,Tanquito de San Francisco,Rural
24,51,16,Jagüey,Rural
24,51,31,Peotillos,Rural
24,52,7,Las Enramadas,Rural
24,52,10,Granjenal,Rural
24,52,6,Carrizal,Rural
24,52,16,Puerta del Río,Rural
24,52,12,Guaxcamá,Rural
24,52,1,Villa Juárez,Urbana
24,52,5,La Cardona,Rural
24,52,18,San José del Matorral,Rural
24,52,4,Buenavista,Rural
24,52,17,San Isidro,Rural
24,52,2,Agua del Medio,Rural
24,52,9,La Gavia,Rural
24,52,19,Santo Domingo,Rural
24,52,15,Palo Seco (El Gato),Rural
24,52,20,El Colorado,Rural
24,52,21,El Tejocote,Rural
24,53,2,Ahuacatitla,Rural
24,53,10,Tenexcalco (La Ceiba),Rural
24,53,24,Chicaxtitla,Rural
24,53,25,Chimalaco,Rural
24,53,26,Choteco,Rural
24,53,41,Picholco,Rural
24,53,43,La Purísima,Rural
24,53,44,Rancho Nuevo,Rural
24,53,49,Santa Fe Texacal (Centro Urbano),Rural
24,53,52,Tampochocho,Rural
24,53,53,Temalacaco,Rural
24,53,59,Xoloco,Rural
24,53,60,Zacayuhual,Rural
24,53,72,Copalo (Chalco),Rural
24,53,76,Nuevo Ayotoxco,Rural
24,53,90,Comunidad Picholco (Picholco Viejo),Rural
24,53,95,Fracción Ahuehueyo,Rural
24,53,20,Las Cuevas,Rural
24,53,55,Tenexio,Rural
24,53,5,Arroyo de en Medio,Rural
24,53,99,Barrio Santa Fe,Rural
24,53,4,El Aquichal,Rural
24,53,12,El Cerro,Rural
24,53,37,Matlalapa,Rural
24,53,19,Cuayo Cerro,Rural
24,53,62,Cuayo Buenavista,Rural
24,53,33,La Libertad (Ejido la Libertad),Rural
24,53,78,El Progreso,Rural
24,53,71,Cuayo (Chalco),Rural
24,53,83,Cuixcoatitla (Chalco),Rural
24,53,74,Ensenada (Chalco),Rural
24,53,80,Xocoyo (Chalco),Rural
24,53,7,Viejo Ayotoxco,Rural
24,53,81,Zojualo (Chalco),Rural
24,53,9,Calcahual,Rural
24,53,1,Axtla de Terrazas,Urbana
24,53,31,Jalpilla,Urbana
24,53,15,Comoca Ahuacatitla,Rural
24,53,120,La Garita,Rural
24,53,14,Coatzontitla,Rural
24,53,92,Ampliación Cuayo Buenavista,Rural
24,53,128,Colonia Guadalupe,Rural
24,53,75,Michotlayo (Chalco),Rural
24,54,10,El Balcón,Rural
24,54,13,El Cañón,Rural
24,54,26,El Jobo,Rural
24,54,32,Ejido Peña Blanca Limontitla,Rural
24,54,37,El Naranjal (La Ceiba),Rural
24,54,44,Peña Blanca,Rural
24,54,55,Puerto de Belén,Rural
24,54,71,La Silleta,Rural
24,54,74,Suchiayo,Rural
24,54,81,Tlamaya,Rural
24,54,103,La Barranca,Rural
24,54,105,Tlahuilapa,Rural
24,54,106,Buenavista,Rural
24,54,111,Las Crucitas,Rural
24,54,148,Manteyo,Rural
24,54,150,El Mirador,Rural
24,54,156,Petatillo,Rural
24,54,178,Cafetales,Rural
24,54,179,El Carrizal,Rural
24,54,192,La Gloria,Rural
24,54,198,La Joya de Tlaletla,Rural
24,54,225,San José,Rural
24,54,66,San Pedro Huitzquilico,Rural
24,54,247,Barrio San Pedro,Rural
24,54,2,Ahuayo,Rural
24,54,200,El Lagarto,Rural
24,54,88,Zacatipa,Rural
24,54,16,La Conchita,Rural
24,54,8,Apetzco,Rural
24,54,289,Marcelo de los Santos,Rural
24,54,73,Soledad de Zaragoza,Rural
24,54,119,El Retén,Rural
24,54,166,Santa Anita,Rural
24,54,6,Amayo de Zaragoza (Puerto de Amayo),Rural
24,54,45,Petatillo,Rural
24,54,38,Cuartillo Nuevo,Rural
24,54,49,Plan de Juárez,Rural
24,54,43,Pemoxco,Rural
24,54,53,Poxtla (La Empresa),Rural
24,54,62,El Sabino,Rural
24,54,112,Uxtuapan,Rural
24,54,122,Cuartillo Viejo,Rural
24,54,85,La Victoria,Rural
24,54,86,Ejido Xilitlilla,Rural
24,54,169,La Tinaja,Rural
24,54,173,Xaltipa,Rural
24,54,209,Los Otates,Rural
24,54,228,Temascales,Rural
24,54,224,Rincón la Joya,Rural
24,54,245,Barrio del Ajuate,Rural
24,54,227,La Targea,Rural
24,54,246,Barrio la Escuela,Rural
24,54,206,El Mirador,Rural
24,54,265,El Puerto de Potrerillos,Rural
24,54,65,San Antonio Xalcuayo Dos,Rural
24,54,181,Cerro Quebrado,Rural
24,54,35,Miramar Viejo,Rural
24,54,39,Ollita del Pino,Rural
24,54,24,Iztacapa,Rural
24,54,4,Ahuehueyo,Rural
24,54,147,Barrio San Isidro,Rural
24,54,222,El Rincón de Zacatipa,Rural
24,54,184,Barrio de Cristo Rey (Apetzco),Rural
24,54,40,Otlaxhuayo,Rural
24,54,78,La Tinaja,Rural
24,54,52,Potrerillos,Rural
24,54,152,Nuevo Miramar,Rural
24,54,174,Xilitlilla,Rural
24,54,185,La Cueva,Rural
24,54,285,Tierra y Libertad,Rural
24,54,284,Francisco I. Madero,Rural
24,54,1,Xilitla,Urbana
24,54,28,La Joya,Rural
24,54,47,Pitzóatl,Rural
24,54,82,Tlamimil,Rural
24,54,210,La Pagua,Rural
24,54,22,La Herradura,Rural
24,54,18,Cruztitla,Rural
24,54,3,Ahuacatlán de Jes·s,Rural
24,54,84,La Trinidad,Rural
24,54,223,El Rincón,Rural
24,56,80,Buenavista,Rural
24,56,24,El Mezquite,Rural
24,56,15,Guardarraya,Rural
24,56,166,Colonia Guadalupe,Rural
24,56,22,El Pozo,Rural
24,56,18,La Lajita,Rural
24,56,2,Villa de Arista,Urbana
24,56,14,La Escondida,Rural
24,56,5,Corazón de Jes·s,Rural
24,56,47,San Rafael,Rural
24,56,39,San Elías,Rural
24,56,184,Colonia Buenavista,Rural
24,56,188,Martín Gámez,Rural
24,56,74,San José del Arbolito,Rural
24,56,30,La Pelotera (Venta del Carmen),Rural
24,56,46,San Pedro,Rural
24,56,51,El Tajo,Rural
24,56,12,Derramaderos,Rural
24,56,101,La Cecilia,Rural
24,56,25,Milpas,Rural
24,56,35,Rincón de Leijas,Rural
24,56,11,El Charquito,Rural
24,56,37,Salitrillos,Rural
24,57,6,Atlamaxátl,Rural
24,57,8,Barrio de en Medio,Rural
24,57,12,Copalcoatitla (Copalo),Rural
24,57,18,La Isla,Rural
24,57,19,Nexcuayo,Rural
24,57,21,Papatlas,Rural
24,57,37,Xochititla,Rural
24,57,68,La Peñita (La Peña),Rural
24,57,74,Tlacohuaque,Rural
24,57,75,Tlaxco,Rural
24,57,77,Zacayo,Rural
24,57,88,Nexcuayo II,Rural
24,57,90,Zacarrincón,Rural
24,57,92,Colonia Apanco,Rural
24,57,50,Nuevo Tepetzintla,Rural
24,57,31,Texquitote Primero,Rural
24,57,76,Xaltipa Coaquentla,Rural
24,57,41,Barrio San Isidro (Tlajumpal),Rural
24,57,2,Aguacatitla,Rural
24,57,22,Pitzoteyo,Rural
24,57,40,Barrio de Tepetzintla (San Antonio),Rural
24,57,16,Ejido Matlapa Mestizos (Colonia Escalanar),Rural
24,57,20,Otlayo,Rural
24,57,71,Tezonquilillo,Rural
24,57,3,Ahuehueyo Primero Centro,Rural
24,57,27,Tancuilín,Rural
24,57,33,Los Tigres,Rural
24,57,29,Tepetzintla,Rural
24,57,9,Chalchitépetl,Rural
24,57,81,Paguayo Barrio Arriba,Rural
24,57,32,Texquitote Segundo,Rural
24,57,24,San Antonio,Rural
24,57,7,Barrio de Arriba,Rural
24,57,35,Tlamaxac,Rural
24,57,30,Terrero Colorado,Rural
24,57,42,Barrio San Juan (Tlajumpal),Rural
24,57,15,Cuichapa,Rural
24,57,34,Barrio San José (Tlajumpal),Rural
24,57,55,Xochicuatitla,Rural
24,57,91,Nequexpiloya,Rural
24,57,63,Barrio Chiltzapoyo,Rural
24,57,1,Matlapa,Urbana
24,57,10,Chalchocoyo,Urbana
24,58,3,Las Abritas,Rural
24,58,27,El Colorado,Rural
24,58,45,Maguey de Oriente,Rural
24,58,42,Kilómetro Cuarenta y Dos,Rural
24,58,72,El Sabinito,Rural
24,58,6,Los Álamos de Arriba,Rural
24,58,82,La Soledad,Rural
24,58,7,Los Álamos de Abajo,Rural
24,58,29,La Concepción,Rural
24,58,43,El Limonal,Rural
24,58,51,La Mutua,Rural
24,58,119,Colonia las Granjas,Rural
24,58,24,Chupaderos,Rural
24,58,28,Colonia Salto del Agua,Rural
24,58,73,El Sabinito Plan del Naranjo,Rural
24,58,55,Ojo de Agua de Tierra Nueva,Rural
24,58,47,Colonia el Meco,Rural
24,58,22,Los Charcos de Oriente,Rural
24,58,1,El Naranjo,Urbana
24,58,50,Minas Viejas,Rural
24,58,66,El Platanito,Rural
24,58,46,Maitinez,Rural
24,49,30,San Cipriano,Rural
24,49,112,Valle de San Juan (La Candelaria),Rural
24,49,114,El Toro,Rural
24,49,113,Las Escobas,Rural
24,49,15,Emiliano Zapata,Rural
24,49,150,San Pedro,Rural
24,49,1,Villa de Ramos,Urbana
24,49,5,El Barril,Urbana
24,49,12,Dulce Grande,Urbana
24,49,18,Hernández,Urbana
24,49,28,Salitral de Carrera,Urbana
24,49,55,Rancho Nuevo,Rural
24,49,29,San Pedro del Saltito,Rural
24,49,42,Yoliátl,Rural
24,49,32,San Francisco,Rural
24,49,43,El Zacatón,Urbana
24,49,10,La Concepción,Rural
24,49,22,El Naranjal,Rural
24,49,38,Santa Lucía,Rural
24,49,21,Lagunillas,Rural
24,49,69,Nuevo San Francisco,Rural
24,49,45,San Pablo,Rural
24,49,17,La Hediondilla,Rural
24,49,27,Pozo Blanco,Rural
24,49,59,Santa Ana,Rural
24,49,36,San Rafael,Rural
24,49,24,Noria del Gato,Rural
24,49,14,El Duraznillo,Rural
24,49,39,Sauz de Calera,Rural
24,49,19,La Herradura,Rural
24,49,34,San Martín,Rural
24,49,13,La Dulcita,Rural
24,9,10,Real del Potosí,Rural
24,9,25,Granjas de Portezuelo,Rural
24,9,4,Divisadero,Rural
24,9,13,Granjas de San Pedro,Rural
24,9,15,Granjas de San Francisco,Rural
24,9,11,El Tecolote,Rural
24,9,18,Los Gómez Lado Oriente,Rural
24,9,20,Planta del Carmen (El Ocho),Rural
24,9,6,Joyita de la Cruz,Rural
24,9,1,Cerro de San Pedro,Urbana
24,9,3,Cuesta de Campa,Rural
24,9,8,Portezuelo,Rural
24,9,28,Nuevo Amanecer,Rural
24,9,17,Granjas de la Florida,Rural
24,9,9,Nueva Zapatilla,Rural
24,9,5,Jes·s María,Rural
24,9,7,Monte Caldera,Rural
24,9,2,Calderón,Rural
24,9,22,La Sabanilla (Portezuelo),Rural
24,9,14,Huertas del Mezquite [Fraccionamiento],Rural
24,28,370,La Manta,Rural
24,28,600,Colonia de Comité Movimiento Amplio Popular,Rural
24,28,657,Joyas del Aguaje,Rural
24,28,621,Parque Industrial del Centro,Rural
24,28,541,Los Vargas,Rural
24,28,681,Union Antorchista,Rural
24,28,399,Tanque Uresti,Rural
24,28,257,La Morita,Rural
24,28,366,San Rafael N·mero Dos,Rural
24,28,509,Fracción los Graneros,Rural
24,28,371,Terroncitos (Los Contreras),Rural
24,28,372,El Chaparral,Rural
24,28,483,Rancho las Flores,Rural
24,28,355,Noria del Padre,Rural
24,28,244,El Malacate,Rural
24,28,562,Colonia la Unión,Rural
24,28,680,Nuevo México,Rural
24,28,420,Los Conejos,Rural
24,28,594,El Peñón,Rural
24,28,673,Palma China,Rural
24,28,252,Escalerillas,Urbana
24,28,264,La Pila,Urbana
24,28,287,Tepozán,Rural
24,28,291,Terrero Norte,Rural
24,28,295,Yerbabuena,Rural
24,28,398,El Hacha,Rural
24,28,401,Tanquecito de Mendoza,Rural
24,28,469,Colonia Insurgentes,Rural
24,28,565,El Charquillo (Capulines),Rural
24,28,347,Cerritos la Pila,Rural
24,28,402,Charco Blanco,Rural
24,28,568,Colonia los Salazares (Las Pulcatras),Rural
24,28,251,La Melada,Rural
24,28,393,Mesa de los Conejos,Rural
24,28,651,Colonia el Peñascal,Rural
24,28,217,Arroyos,Rural
24,28,235,El Jaralito,Rural
24,28,668,Colonia los Barrón,Rural
24,28,661,Colonia las Vegas (El Garambullal),Rural
24,28,296,Zamorilla,Rural
24,28,293,Los Urbanos,Rural
24,28,262,Peñasco,Rural
24,28,549,Fracción la Angostura Norte,Rural
24,28,256,Fracción Milpillas,Rural
24,28,216,Angostura,Rural
24,28,679,San Benito,Rural
24,28,611,El Ranchito,Rural
24,28,413,El Blanco,Rural
24,28,223,Cerritos de Zavala,Rural
24,28,248,Maravillas,Rural
24,28,448,La Sauceda,Rural
24,28,277,San Juanico Chico,Rural
24,28,394,Rinconada,Rural
24,28,375,Terrones (Sangre de Cristo),Rural
24,28,518,Palmar de las Flores (El Pozo Seis),Rural
24,28,362,Salitrera,Rural
24,28,236,Las Jarrillas,Rural
24,28,245,Las Manguitas,Rural
24,28,276,San José de Buenavista,Rural
24,28,233,La Caldera,Rural
24,28,240,Lechuguillas,Rural
24,28,247,El Manzo,Rural
24,28,222,El Cascarón,Rural
24,28,246,La Mantequilla,Rural
24,28,385,Cerro de la Virgen (San Juan de Bocas),Rural
24,28,214,El Ancón,Rural
24,28,365,Loma Prieta,Rural
24,28,218,Bocas (Estación Bocas),Rural
24,28,243,Macarenos,Rural
24,28,253,Mezquital,Rural
24,28,386,Unidad Benito Juárez (La Chora),Rural
24,28,230,Los García,Rural
24,28,458,Colonia la Estrella,Rural
24,28,447,El Santuario,Rural
24,28,278,San Juanico el Grande,Rural
24,28,369,González,Rural
24,28,221,Capulines,Rural
24,28,280,San Sebastián,Rural
24,28,290,El Terrero Sur,Rural
24,28,211,Fracción el Aguaje,Rural
24,28,391,Pozuelos,Rural
24,28,337,La Cantera,Rural
24,28,1,San Luis Potosí,Urbana
24,28,258,Noria de San José,Rural
24,35,229,Colonia Guadalupe,Rural
24,35,11,Enrique Estrada (La Concha),Rural
24,35,270,9 de Mayo,Rural
24,35,279,Privada Santa Maria,Rural
24,35,280,Llanos de San Pedro,Rural
24,35,281,Colonia Santa Anita,Rural
24,35,284,Colonia Tierra y Libertad,Rural
24,35,26,Rancho Nuevo,Urbana
24,35,5,General Cándido Navarro (Laguna Seca),Rural
24,35,15,El Huizache,Rural
24,35,39,Estación Techa,Rural
24,35,278,Valle de San Pedro,Rural
24,35,1,Soledad de Graciano Sánchez,Urbana
24,35,289,Fraccionamiento Punta Diamante,Rural
24,35,147,División del Norte Primera Sección,Rural
24,35,169,Jardines de San Pedro,Rural
24,35,292,Jardines de San Pedro Dos,Rural
24,35,275,Colonia del Bosque,Rural
24,35,276,Ejido de la Soledad,Rural
24,35,293,Valle de Palmas,Rural
24,35,239,Ejido los Gómez,Rural
24,35,20,Palma de la Cruz,Rural
24,35,97,Ejido el Zapote,Rural
24,35,40,La Tinaja (Ex-Hacienda la Tinaja),Rural
24,35,25,La Purísima (Fracción la Purísima),Rural
24,35,42,Estación Ventura,Rural
24,35,38,Ejido Soledad,Rural
24,35,50,Potrero de Adentro,Rural
24,35,100,Los Gómez,Rural
24,35,51,San José del Barro,Rural
24,35,45,El Zapote,Rural
24,35,291,Alpes de San Pedro,Rural
24,55,10,Arroyo Hondo,Rural
24,55,36,La Estancia,Rural
24,55,49,Kilómetro 58,Rural
24,55,78,Ranchito de los Rivera,Rural
24,55,87,San José de Gómez,Rural
24,55,26,Coahuila,Rural
24,55,66,Los Pilares,Rural
24,55,95,Texas,Rural
24,55,176,Colonia el Pedregal,Rural
24,55,140,Pilar de Guadalupe,Rural
24,55,44,El Jaralito,Rural
24,55,1,Villa de Zaragoza,Urbana
24,55,81,Rincón de Santa Eduwiges,Rural
24,55,186,Longoria,Rural
24,55,12,La Calera,Rural
24,55,89,Santo Domingo,Rural
24,55,61,La Parada del Zarcido,Rural
24,55,17,El Carmen,Rural
24,55,37,Estanco del Carmen,Rural
24,55,42,Independencia (Patol),Rural
24,55,84,La Salitrera,Rural
24,55,43,Jamay,Rural
24,55,4,Agua Zarca,Rural
24,55,5,Alberca de la Cruz,Rural
24,55,60,Parada de los Martínez,Rural
24,55,9,Arreates,Rural
24,55,35,La Esperanza,Rural
24,55,21,Cerro Gordo,Rural
24,55,101,Xoconoxtle,Rural
24,55,131,Valle de los Fantasmas,Rural
24,55,93,Emiliano Zapata (El Tepozán),Rural
24,55,86,San Francisco,Rural
24,59,27,Los Gómez,Rural
24,59,7,Bosque de las Flores,Rural
24,59,24,Laguna de Santa Rita,Urbana
24,59,13,El Montecillo,Rural
24,59,41,San Nicolás de los Jassos,Urbana
24,59,5,Barrio Casanova,Rural
24,59,33,Panalillo,Rural
24,59,21,La Libertad (Pozos),Rural
24,59,8,Bosques la Florida,Rural
24,59,42,Tanque el Jagüey,Rural
24,59,1,Villa de Pozos,Urbana
24,9999,9999,FUERA DEL ESTADO,Urbana
